{
    "lspModel_i0_p0": {
        "depth": [
            [
                0.0, 
                26.8634662628174
            ], 
            [
                0.0999999046325684, 
                -18.1764488220215
            ], 
            [
                0.199999809265137, 
                -78.6139221191406
            ], 
            [
                0.300000190734863, 
                -96.6346130371094
            ], 
            [
                0.400000095367432, 
                -106.83910369873
            ], 
            [
                0.5, 
                -96.0348052978516
            ], 
            [
                0.599999904632568, 
                -65.2189407348633
            ], 
            [
                0.699999809265137, 
                -44.8320846557617
            ], 
            [
                0.800000190734863, 
                -25.0870628356934
            ], 
            [
                0.900000095367432, 
                -6.3654956817627
            ], 
            [
                1.0, 
                2.68360710144043
            ], 
            [
                1.09999990463257, 
                5.98752641677856
            ], 
            [
                1.19999980926514, 
                17.7639312744141
            ], 
            [
                1.30000019073486, 
                30.649055480957
            ], 
            [
                1.40000009536743, 
                32.675537109375
            ], 
            [
                1.5, 
                25.0187797546387
            ], 
            [
                1.59999990463257, 
                21.1461563110352
            ], 
            [
                1.70000004768372, 
                23.1210956573486
            ], 
            [
                1.79999995231628, 
                20.9477462768555
            ], 
            [
                1.90000009536743, 
                10.5470514297485
            ], 
            [
                2.0, 
                4.26200580596924
            ]
        ], 
        "surface": [
            [
                0.0, 
                26.8634662628174
            ], 
            [
                0.100000001490116, 
                31.9811897277832
            ], 
            [
                0.200000002980232, 
                37.6113586425781
            ], 
            [
                0.300000011920929, 
                37.3004417419434
            ], 
            [
                0.400000005960464, 
                34.0243110656738
            ], 
            [
                0.5, 
                29.9068298339844
            ], 
            [
                0.600000023841858, 
                32.4061241149902
            ], 
            [
                0.699999988079071, 
                43.2978553771973
            ], 
            [
                0.800000011920929, 
                52.7565765380859
            ], 
            [
                0.899999976158142, 
                56.9809265136719
            ], 
            [
                1.0, 
                60.4309158325195
            ], 
            [
                1.10000002384186, 
                66.7186813354492
            ], 
            [
                1.20000004768372, 
                71.2457580566406
            ], 
            [
                1.29999995231628, 
                63.6451187133789
            ], 
            [
                1.39999997615814, 
                43.1628227233887
            ], 
            [
                1.5, 
                16.217004776001
            ], 
            [
                1.60000002384186, 
                -12.0672340393066
            ], 
            [
                1.70000004768372, 
                -40.2601928710938
            ], 
            [
                1.79999995231628, 
                -63.4585037231445
            ], 
            [
                1.89999997615814, 
                -72.2235412597656
            ], 
            [
                2.0, 
                -68.2292327880859
            ], 
            [
                2.09999990463257, 
                -59.406494140625
            ], 
            [
                2.20000004768372, 
                -48.3881187438965
            ], 
            [
                2.29999995231628, 
                -41.527473449707
            ], 
            [
                2.40000009536743, 
                -39.5922317504883
            ], 
            [
                2.5, 
                -32.5988807678223
            ], 
            [
                2.59999990463257, 
                -21.7788772583008
            ], 
            [
                2.70000004768372, 
                -17.3523464202881
            ], 
            [
                2.79999995231628, 
                -17.6514167785645
            ], 
            [
                2.90000009536743, 
                -16.1972846984863
            ], 
            [
                3.0, 
                -13.7786445617676
            ], 
            [
                3.08239698410034, 
                -12.8841648101807
            ], 
            [
                3.16831946372986, 
                -12.806902885437
            ], 
            [
                3.25791811943054, 
                -12.4403057098389
            ], 
            [
                3.3513503074646, 
                -12.4248924255371
            ], 
            [
                3.44878029823303, 
                -9.39810466766357
            ], 
            [
                3.5503785610199, 
                -3.68774008750916
            ], 
            [
                3.65632390975952, 
                -2.31061458587646
            ], 
            [
                3.7668023109436, 
                -5.53607082366943
            ], 
            [
                3.88200736045837, 
                -6.16858196258545
            ], 
            [
                4.0, 
                -2.93609166145325
            ]
        ]
    }
}