{
    "lspModel_i0_p0": {
        "depth": [
            [
                0.0, 
                -40.5941505432129
            ], 
            [
                0.0999999046325684, 
                -91.1951293945313
            ], 
            [
                0.199999809265137, 
                -130.663238525391
            ], 
            [
                0.300000190734863, 
                -105.292282104492
            ], 
            [
                0.400000095367432, 
                -75.170166015625
            ], 
            [
                0.5, 
                -38.3060493469238
            ], 
            [
                0.599999904632568, 
                -13.2128648757935
            ], 
            [
                0.699999809265137, 
                -4.29117870330811
            ], 
            [
                0.800000190734863, 
                8.47242069244385
            ], 
            [
                0.900000095367432, 
                22.7222347259521
            ], 
            [
                1.0, 
                29.7502861022949
            ], 
            [
                1.09999990463257, 
                30.0349102020264
            ], 
            [
                1.19999980926514, 
                21.1564445495605
            ], 
            [
                1.30000019073486, 
                21.2172012329102
            ], 
            [
                1.40000009536743, 
                28.5696620941162
            ], 
            [
                1.5, 
                25.4819450378418
            ], 
            [
                1.59999990463257, 
                24.3184185028076
            ], 
            [
                1.70000004768372, 
                24.0837707519531
            ], 
            [
                1.79999995231628, 
                17.997142791748
            ], 
            [
                1.90000009536743, 
                7.93319034576416
            ], 
            [
                2.0, 
                7.8845067024231
            ]
        ], 
        "surface": [
            [
                0.0, 
                -40.5941505432129
            ], 
            [
                0.100000001490116, 
                -45.1164474487305
            ], 
            [
                0.200000002980232, 
                -56.7157897949219
            ], 
            [
                0.300000011920929, 
                -64.3772659301758
            ], 
            [
                0.400000005960464, 
                -60.4381408691406
            ], 
            [
                0.5, 
                -54.4970855712891
            ], 
            [
                0.600000023841858, 
                -57.1784629821777
            ], 
            [
                0.699999988079071, 
                -61.5655059814453
            ], 
            [
                0.800000011920929, 
                -52.6682586669922
            ], 
            [
                0.899999976158142, 
                -35.5883598327637
            ], 
            [
                1.0, 
                -33.3181037902832
            ], 
            [
                1.10000002384186, 
                -43.0059623718262
            ], 
            [
                1.20000004768372, 
                -41.9803237915039
            ], 
            [
                1.29999995231628, 
                -39.6475028991699
            ], 
            [
                1.39999997615814, 
                -60.6199111938477
            ], 
            [
                1.5, 
                -90.7982482910156
            ], 
            [
                1.60000002384186, 
                -97.2680587768555
            ], 
            [
                1.70000004768372, 
                -89.080810546875
            ], 
            [
                1.79999995231628, 
                -90.4587020874023
            ], 
            [
                1.89999997615814, 
                -93.1953659057617
            ], 
            [
                2.0, 
                -81.2676162719727
            ], 
            [
                2.09999990463257, 
                -60.2007637023926
            ], 
            [
                2.20000004768372, 
                -47.3579330444336
            ], 
            [
                2.29999995231628, 
                -46.7622871398926
            ], 
            [
                2.40000009536743, 
                -44.6101303100586
            ], 
            [
                2.5, 
                -31.8844833374023
            ], 
            [
                2.59999990463257, 
                -20.0353317260742
            ], 
            [
                2.70000004768372, 
                -18.2583389282227
            ], 
            [
                2.79999995231628, 
                -18.2514038085938
            ], 
            [
                2.90000009536743, 
                -15.2855987548828
            ], 
            [
                3.0, 
                -12.9773321151733
            ], 
            [
                3.08239698410034, 
                -13.3471012115479
            ], 
            [
                3.16831946372986, 
                -13.9755306243896
            ], 
            [
                3.25791811943054, 
                -13.7971906661987
            ], 
            [
                3.3513503074646, 
                -13.1428556442261
            ], 
            [
                3.44878029823303, 
                -8.1376314163208
            ], 
            [
                3.5503785610199, 
                -2.27020454406738
            ], 
            [
                3.65632390975952, 
                -2.30834197998047
            ], 
            [
                3.7668023109436, 
                -5.73782062530518
            ], 
            [
                3.88200736045837, 
                -6.17384052276611
            ], 
            [
                4.0, 
                -3.21727752685547
            ]
        ]
    }
}